time_s,SoC,V_terminal_V,V_oc_V,current_A,power_W,temp_C,V_RC1_V,V_RC2_V,capacity_Ah,cycle_count
1.0,0.7999619103650307,3.9529454347842097,3.9699695282920247,6.856134294474705,27.101924759611244,29.99712353423655,0.0006533946284701612,6.814577665780777e-05,49.99999999047759,1.904481748465196e-05
2.0,0.8000848006785658,4.0244117173119,3.9700932807464224,-22.142398830924492,-89.11012930456585,29.99659251246078,-0.0015172236624039514,-0.0001527605238891004,49.999999959755016,8.048997424046741e-05
3.0,0.7999770279732412,3.9233365409911913,3.9699816223785933,19.3990869428097,76.10914666459038,29.9954594360712,0.00047185178509307315,4.1902618787025356e-05,49.99999993281183,0.00013437632685938324
4.0,0.7998385155913192,3.9074957055157227,3.9698708124730557,24.932228712457295,97.42257662286268,29.995623786272404,0.002804265974171455,0.00028920672292290944,49.99999989818374,0.00020363251772732017
5.0,0.8000542709363891,4.0637479434936346,3.970059698030028,-38.87483687037648,-157.97753838564293,30.00049132231544,-0.001159901578466215,-0.00010068417823927986,49.999999844244904,0.00031151019004261487
6.0,0.8001820533467611,4.028525686107378,3.9702002586814373,-23.02385765295563,-92.75220194821169,30.00016888142801,-0.0032468139402132027,-0.0003283091621835839,49.9999998122993,0.00037540139502956676
7.0,0.8001242724513378,3.947576588303659,3.9701366996964715,10.400561137154638,41.05701165025253,29.997615780520107,-0.0019553367427016287,-0.00022096209659404228,49.99999979785408,0.0004042918426327741
8.0,0.8001150815594069,3.9680109360578526,3.9701265897153477,1.6543605408624158,6.5645207183246495,29.994506742410294,-0.0016168244608917206,-0.00020184555118323138,49.999999795556356,0.0004088872885796141
9.0,0.8000615615113131,3.947811099617049,3.9700677176624444,9.633608617492827,38.03166702950464,29.991875888747018,-0.0005491919518276795,-0.0001036514152004746,49.999999782176346,0.0004356473125170942
10.0,0.8001056531215007,3.9904439134699787,3.970116218433651,-7.944434233431387,-31.701819232758815,29.989089662710228,-0.0012555038079131778,-0.0001813601864582581,49.99999977115344,0.0004576931175148663
11.0,0.7999263865187176,3.8911316819714137,3.9699411092149743,32.267988353270006,125.5589917948935,29.991476718027343,0.0019357777978498683,0.00014155795417748602,49.99999972633679,0.0005473264184961719
12.0,0.7997530040102875,3.8904193507814178,3.96980240320823,31.208851346618424,121.41551919454503,29.993506397947385,0.004730949343330356,0.0004500421089393034,49.99999968299117,0.0006340176722367786
13.0,0.7996618084393027,3.924237636955475,3.969729446751442,16.415202673192645,64.4171561483947,29.991810002790828,0.0058577480803766215,0.0006077543788976009,49.99999966019227,0.0006796154574400915
14.0,0.7994312147574352,3.8605850090884237,3.969544971805948,41.506862454067075,160.2407709644665,29.99779784210631,0.009271568103150973,0.0010129541884124303,49.99999960254385,0.0007949122975902778
15.0,0.7992763801468752,3.8908206663444034,3.9694211041175005,27.87022967925091,108.4380656117946,29.99878044062922,0.011070086134636115,0.0012777124026059608,49.9999995638352,0.0008723296022548636
16.0,0.7992807263300377,3.9600599769109466,3.9694245810640303,-0.7830960584893027,-3.1011073593002014,29.995659444589535,0.009971582353731318,0.0012544711414866209,49.999999562748656,0.0008745026938171715
17.0,0.7991249516300488,3.889410900959157,3.9692999613040394,28.039445752785927,109.05692596773852,29.996693186041682,0.011721469327510897,0.001517989184576703,49.99999952380498,0.0009523900431304657
18.0,0.799128555833489,3.9587777681586616,3.9693028446667915,-0.6494060190695876,-2.570854110801103,29.993572482049046,0.010575447102192402,0.001493169652719188,49.99999952290393,0.0009541921448333838
19.0,0.7988959764153474,3.854135342440844,3.969116781132278,41.86429486602029,161.35065842949356,29.99971564816292,0.013586984408466892,0.0018912101660815165,49.99999946475908,0.0010704818527945512
20.0,0.7987729773225081,3.8998708691756763,3.9690183818580067,22.139836474067852,86.34250331353033,29.99918177238328,0.01444027095717949,0.002088386830295958,49.999999434009304,0.0011319813985558509
21.0,0.7986604353360434,3.9034860545734804,3.9689283482688347,20.25755733434493,79.07509255433817,29.99822633246066,0.015035250442160529,0.002264469287103749,49.9999994058738,0.0011882523911512534
22.0,0.7986035513641873,3.9275914089773596,3.96888284109135,10.239114812426129,40.21505937281769,29.99565656311188,0.01462042787886307,0.002338844181837933,49.999999391652814,0.001216694376741326
23.0,0.7983024455005892,3.818566443619192,3.9686419564004716,54.199054788223975,206.96269189019017,30.00805997798051,0.018433361666225195,0.0028492537246796105,49.999999316376346,0.001367247306708615
24.0,0.7981672505794604,3.8886049974370236,3.9685338004635686,24.335085470456892,94.62953497347577,30.008059870100908,0.019047702344147904,0.0030566610245903064,49.99999928257762,0.0014348447663487729
25.0,0.7980601253882574,3.900297053282797,3.968448100310606,19.28253413986244,75.20761108553042,30.006894923737946,0.019123712562679952,0.0032113399526221696,49.99999925579632,0.001488407361181724
26.0,0.7979373914017655,3.893008585462953,3.9683499131214126,22.09211723973958,86.0048020853603,30.006344990453613,0.01946043664165815,0.003392072964315517,49.99999922511282,0.001549774353514334
27.0,0.7976980907840393,3.840279438749488,3.9681584726272314,43.07411052315869,165.41662098450925,30.013021262410632,0.021765615514491358,0.0037791676462512027,49.99999916528767,0.001669424660523108
28.0,0.7974737128824516,3.8442954782281005,3.9679789703059614,40.38802161152958,155.26348885578196,30.018508436476395,0.02360169293279834,0.004134883029532894,49.9999991091932,0.0017816136094440235
29.0,0.797237566957768,3.836839953083544,3.9677900535662145,42.506265685751174,163.0897384394742,30.02491991514802,0.025469909163455796,0.004507350846018423,49.99999905015671,0.0018996865696822211
30.0,0.7969933840711487,3.830998714750163,3.9675947072569193,43.95291875651018,168.38357526570883,30.031988171854948,0.02730331291961864,0.004889693770869558,49.99999898911099,0.002021778010672527
31.0,0.7965296555204583,3.730569937210932,3.9672237244163666,83.4711374366847,311.3949159460979,30.06566168342499,0.032733427196869475,0.005660201307574187,49.99999887317886,0.0022536422813299846
32.0,0.7963788285458985,3.864462088659503,3.9671030628367188,27.148854808923595,104.91572015960647,30.066390908555093,0.032294395574456305,0.005861591563134776,49.99999883547211,0.002329055766910328
33.0,0.7962357123179107,3.8679935385819757,3.966988569854329,25.760920437817745,99.6430738014034,30.066731468621413,0.031763693941497424,0.006046751274965048,49.99999879969306,0.002400613879237599
34.0,0.7961248605852799,3.882611230827134,3.966899888468224,19.95331139454245,77.47095091264154,30.065668711426042,0.03072858444749728,0.006171947644313654,49.999998771980124,0.0024560397442224395
35.0,0.7958299564193708,3.8010306379004977,3.966663965135497,53.082748559898214,201.76915362014162,30.077392769574146,0.03294647638533473,0.006624916510386683,49.99999869825409,0.00260349182355549
36.0,0.7954656904199894,3.76732284661555,3.966372552335992,65.56787818161288,247.01536547769547,30.096937549153722,0.03614939678759854,0.007196507195634183,49.99999860718759,0.002785624818504415
37.0,0.7952516496578355,3.8307414337850942,3.9662013197262684,38.52733611448823,147.58826278713488,30.101596042225538,0.03647955579978274,0.007492427594956497,49.9999985536774,0.0028926451966002154
38.0,0.7951233455345927,3.8683209232338265,3.9660986764276744,23.094741515649414,89.33787182166353,30.101226056491157,0.03530850842471495,0.007631380992054114,49.99999852160138,0.0029567972563659083
39.0,0.7949881449699343,3.8660634462697017,3.9659905159759474,24.33610091894395,94.0849101874597,30.10116733390072,0.03436400783565493,0.0077809924414188264,49.999998487801236,0.003024397536696308
40.0,0.7946637277407888,3.782069568288887,3.965730982192631,58.39509948010665,220.85432868091357,30.11599754912794,0.036752752848066866,0.008267321504980853,49.999998406696925,0.0031866061463632707
41.0,0.7943230021766892,3.771876362172854,3.9654584017413517,61.330599583563554,231.33143884713166,30.132675817358688,0.03920075918530813,0.008776955254361375,49.999998321515534,0.0033569689229842807
42.0,0.7940026722619542,3.7780020809434505,3.9652021378095634,57.65938271667594,217.83726788951654,30.14703570362275,0.04107298104393715,0.009243946934893015,49.99999824143306,0.0035171338749750473
43.0,0.7938289193599428,3.8411175236366057,3.9650631354879544,31.2755212620418,120.132952780498,30.14898761987928,0.040257993083724096,0.00944306083423389,49.99999819799484,0.0036040103229251635
44.0,0.7935385644143231,3.7894030578105617,3.9648308515314588,52.263888327946574,198.0489382429905,30.16020301098331,0.04151865369783009,0.009848381391794152,49.9999981254061,0.0037491877905027927
45.0,0.7932583655049783,3.792172225100785,3.964606692403983,50.43580179112773,191.261246703003,30.17041930833767,0.04248884468021707,0.010230639182155133,49.99999805535638,0.003889287239922592
46.0,0.7929612544794808,3.783137060996064,3.964369003583585,53.479982509552514,202.32210385330941,30.182300679175228,0.04365974873787927,0.010638540483443058,49.99999798107863,0.004037842746893571
47.0,0.7925785076245676,3.74316519965748,3.9640628060996543,68.8944311025436,257.8832369532411,30.204142059335084,0.04619182880337712,0.011194730605485294,49.99999788539192,0.004229216166622859
48.0,0.7922728168622513,3.7744540820193957,3.963818253489801,55.02433488985413,207.68682543541217,30.216888431319887,0.04716861336746426,0.01160635303191463,49.99999780896923,0.004382061541316898
49.0,0.7919064102434306,3.7457876014881406,3.963525128194745,65.95318849761745,247.04663575298568,30.236613438531947,0.04909707992088652,0.012121637336559467,49.99999771736758,0.0045652648426991686
50.0,0.7916127429684976,3.7757468682721433,3.9632901943747982,52.86010707473263,199.5863837439519,30.248106222430806,0.04960007277253822,0.012500572028655928,49.99999764395076,0.004712098473462315
51.0,0.7912878309260348,3.7607246878915332,3.963030264740828,58.48416488746217,219.94284274299815,30.26290093082048,0.05059293093850188,0.012930837374667941,49.99999756272276,0.004874554487038598
52.0,0.7909167223587619,3.738500916036148,3.9627333778870097,66.7995388529584,249.73013719257725,30.28319184521837,0.052287017627946034,0.01343856680805032,49.99999746994562,0.005060108761630149
53.0,0.7908033722009297,3.851348029016651,3.962642697760744,20.403027377372716,78.57915927581718,30.28208975933933,0.04940326138191669,0.013479022636851329,49.99999744160808,0.005116783837678407
54.0,0.7905446691093742,3.788890280309979,3.9624357352874995,46.56655409727893,176.435564206709,30.290247505788955,0.049279371492888774,0.013779040578431833,49.999997376932306,0.005246135376837515
55.0,0.7903017674959609,3.7955658342763714,3.962241413996769,43.7222881206474,165.95082298711694,30.297042939565586,0.04889605727374009,0.014047170893719433,49.999997316206915,0.005367586177172647
56.0,0.7900770253123273,3.8035739011463243,3.962061620249862,40.45359088268771,153.86822248904187,30.302379995777983,0.04823678247096855,0.01427957920603075,49.99999726002137,0.00547995726295789
57.0,0.7898040462130604,3.7822191694468277,3.9618432369704486,49.13623517539173,185.8440105948141,30.311823957857825,0.048466053712223046,0.014595486042885682,49.99999719177659,0.0056164468051117565
58.0,0.7893071716658105,3.681468056978735,3.9614457373326486,89.4374134817773,329.2609808319624,30.350772060727934,0.05251547257302237,0.015308158856171233,49.99999706755796,0.00586488406478336
59.0,0.789102894828586,3.807396347085183,3.961282315862869,36.76982854391099,139.9973108810352,30.354572905635507,0.05117241262797978,0.01548877288404183,49.99999701648876,0.005967022477405335
60.0,0.7886669926620417,3.704809631240025,3.9609335941296333,78.46238529611871,290.6882007351263,30.383760120179716,0.05392715853616986,0.01608161271825537,49.99999690751323,0.006184973547672331
61.0,0.7885602606639815,3.8484176577509093,3.9608482085311856,19.211758462575418,73.9348705038207,30.382345911421794,0.050781262751219525,0.016078401646737607,49.999996880830224,0.006238339543401707
62.0,0.788282946436949,3.7749967610520296,3.9606263571495592,49.916557751905806,188.434843836311,30.39214986957228,0.050852170557015276,0.016380418516880116,49.999996811501674,0.006376996648268112
63.0,0.7879414834742977,3.745765836858433,3.960353186779438,61.463329357713995,230.22723932770305,30.408744197583076,0.05201734148889339,0.01679356834714438,49.99999672613594,0.006547728118706206
64.0,0.7875452838898913,3.719584499520575,3.9600362271119134,71.3159205235882,265.26559254857995,30.432242246450983,0.054014522399575576,0.017299677871736314,49.99999662708605,0.006745827897938396
65.0,0.7871317976148409,3.7092364151823514,3.959705438091873,74.4275244883333,276.0692841240021,30.458123625342523,0.05612468124676259,0.017830631365681186,49.99999652371449,0.006952571021517099
66.0,0.7860938644777835,3.4275691193064777,3.958875091582227,186.82795168097687,640.365717804999,30.639197194703797,0.06875416440080188,0.01947241298914775,49.99999626423122,0.007471537553964257
67.0,0.7858099781108528,3.7503386329469985,3.9586479824886824,51.09954222960346,191.64058734958846,30.649485467829038,0.06728852912413333,0.019745526244374298,49.99999619325964,0.007613480726824266
68.0,0.7855390634579696,3.7569761143753846,3.9584312507663757,48.76463380628567,183.20756443647767,30.65853376085755,0.06573577704506661,0.019992151163651727,49.99999612553098,0.007748938042952838
69.0,0.7851020205488061,3.6836903718260703,3.958081616439045,78.66771755352659,289.7875137254586,30.687733662015432,0.06717674645000944,0.020533038458096682,49.99999601627026,0.007967459480601524
70.0,0.784795195211268,3.739690571527901,3.9578361561690145,55.22855635655402,206.5377114857024,30.700314874916103,0.06625180258893962,0.02083446665702559,49.99999593956393,0.008120872137147506
71.0,0.7846231204045405,3.800209485721201,3.9576984963236326,30.973462695619272,117.70564674152412,30.701827340130478,0.06310054355761878,0.020891191657222582,49.99999589654524,0.008206909533524227
72.0,0.7844325940621889,3.794636551188441,3.957546075249751,34.29473880874994,130.13606939714325,30.704485426562883,0.060556235612196474,0.020980247065024993,49.999995848913656,0.008302172696881865
73.0,0.7842148325764239,3.784542290129876,3.9573718660611394,39.19706418348967,148.34294705135176,30.709047490219234,0.05871369970798192,0.021116959715155138,49.999995794473286,0.008411053430724891
74.0,0.7838196347641909,3.706635616801895,3.957055707811353,71.1356002186887,263.67374939317216,30.732246703572002,0.06008542126585832,0.021569487152506613,49.99999569567384,0.008608652320221248
75.0,0.783468565398789,3.724345523614842,3.956774852319031,63.19248033233856,235.3506312518641,30.749788324021154,0.0605743957350899,0.021937640235389088,49.999995607906506,0.008784186987811077
76.0,0.7830489214863999,3.6926259472274956,3.95643913718912,75.5358975948138,278.92581540572843,30.77637801375846,0.062195489479454434,0.022424069610835737,49.99999550299554,0.008994008925574448
77.0,0.782769074121204,3.752793789523569,3.9562152592969633,50.372521204761156,189.03768473987193,30.786191503953148,0.061269570840921335,0.022654560188257213,49.9999954330337,0.009133932595587674
78.0,0.7824162283309533,3.7205788714617114,3.9559329826647627,63.512236443969755,236.30228499271436,30.803915245326664,0.06168174094810451,0.02301289151715025,49.99999534482226,0.009310355474598702
79.0,0.7820053730606539,3.693659989337203,3.9556042984485233,73.95394176851474,273.1607157641363,30.829222154285105,0.0630518745787785,0.023470718020491176,49.999995242108454,0.009515783090622353
80.0,0.7817119028575895,3.7440736291664694,3.955369522286072,52.824631524912476,197.77930986286054,30.84034232148946,0.06228261725986118,0.023713048537326455,49.99999516874091,0.009662518178191555
81.0,0.7813233312118671,3.701824252166512,3.955058664969494,69.94288947178734,258.91628451326415,30.862574214174174,0.06321631628969482,0.024122626093348174,49.99999507159801,0.009856803982279854
82.0,0.7810754065731426,3.7630876950244128,3.9548603252585144,44.626430571684125,167.9331717571658,30.869447037356395,0.061651566601430806,0.02427566711577041,49.99999500961685,0.009980766289423421
83.0,0.780791077467265,3.747905511458082,3.954632861973812,51.179233949883326,191.81493299297028,30.879636908137684,0.06085570785542708,0.024492008064500602,49.999994938534584,0.010122930828173097
84.0,0.7801608173135615,3.5936935991444905,3.9541286538508493,113.44681618248552,407.6930971583198,30.94405519888994,0.06606903898377278,0.025324678090245266,49.999994780969566,0.010438060873124445
85.0,0.7799829294054643,3.789658981373872,3.9539863435243716,32.01982011523975,121.3441988816941,30.945765907287182,0.0630428348705763,0.02533806565439248,49.99999473649759,0.010527004817888999
86.0,0.7795960773450623,3.698921656093612,3.95367686187605,69.6333635420435,257.56835639230405,30.96770892164932,0.06388065218736975,0.025725161533487254,49.99999463978458,0.010720430827728009
87.0,0.7793303026799667,3.751550939563907,3.9534642421439736,47.83943458862065,179.47207577914585,30.976090544257772,0.06256460898997512,0.02589100795393833,49.99999457334093,0.010853318146029732
88.0,0.7790059639539618,3.7262205706551303,3.9532047711631697,58.38096434460681,217.5403502755576,30.990392311354753,0.06237479831753674,0.026159651237894238,49.999994492256256,0.011015487491431417
89.0,0.7786249083948923,3.7005449261660024,3.952899926715914,68.58999307699723,253.82035086684334,31.011545042771274,0.06317612431083675,0.02652655912163047,49.99999439699238,0.011206015249978631
90.0,0.7782500854535601,3.701937417511686,3.952600068362848,67.46812187931175,249.76276487426304,31.03187762895999,0.06379752332016633,0.02687793521747406,49.99999430328665,0.011393426699643387
91.0,0.7778500015318283,3.689449843758296,3.952280001225463,72.01509770674392,265.69609098238476,31.055554828735865,0.06479592965320861,0.027270312683978604,49.99999420326568,0.011593468637717675
92.0,0.7775476363717085,3.7314755882700434,3.952038109097367,54.42572251171498,203.08825492642382,31.067447649986832,0.06402658139631359,0.027483175764740516,49.999994127674405,0.011744651200250216
93.0,0.7772882459272156,3.7509184785967276,3.9518305967417726,46.69027452513026,175.13141348706515,31.075193257752062,0.06259096464014643,0.02761661001421384,49.999994062826794,0.011874346407264466
94.0,0.7769884182111526,3.733833941066377,3.951590734568922,53.96898248286918,201.5112185593537,31.08681149068974,0.06198146994910122,0.027820800664542303,49.99999398786988,0.012024260247494659
95.0,0.7768921888295274,3.8248561231631295,3.9515137510636222,17.321286609782035,66.25142915048835,31.08459512379352,0.05793478214645497,0.027658286888247702,49.999993963812535,0.012072374932521831
96.0,0.7767687128561758,3.816452247543354,3.9514149702849406,22.225672520118046,84.82321784256708,31.08340654257779,0.05472757039754562,0.02754647258474367,49.99999393294354,0.01213411291174438
97.0,0.7766326000835199,3.813738109877197,3.951306080066816,24.500296105176883,93.43771295958894,31.082781071042405,0.05203200427936422,0.027458610512657505,49.999993898915356,0.012202169289814315
98.0,0.7764588528909578,3.799367249932947,3.9511670823127663,31.27449084500045,118.82327627482249,31.084155306316063,0.05023000860129595,0.027439138013737405,49.999993855478564,0.012289042875494873
99.0,0.7761136562632353,3.724357518930735,3.9508909250105884,62.1353853542169,231.41438963563638,31.100783002919684,0.05153566611292966,0.02772665103090741,49.99999376917942,0.012461641168145476
100.0,0.7759349241731281,3.7969206392991532,3.9507479393385028,32.17177221015372,122.15366590756359,31.102447151142087,0.04986532732457283,0.027712903886209086,49.9999937244964,0.01255100720206257
101.0,0.7756937135563682,3.7704270686990737,3.950554970845095,43.417905567401945,163.70404641755252,31.10860843912053,0.049420668534584,0.027811108561704132,49.99999366419375,0.012671612495305353
102.0,0.7752463917787039,3.6785595429059827,3.950197113422963,80.51790977664224,296.18992538371026,31.1390961163076,0.052553798735695254,0.028276906905171224,49.99999355236332,0.012895273355796025
103.0,0.7750096943962915,3.768897496834097,3.950007755517033,42.60552334014029,160.5758502679614,31.14486521384532,0.05178559454327509,0.028360317212297467,49.99999349318898,0.013013622031740859
104.0,0.7749574662813645,3.8516538966200606,3.949965973025092,9.401059463444383,36.20962731473246,31.141492360622294,0.04792272833980605,0.028112690636032278,49.999993480131955,0.013039736085805982
105.0,0.7748006826022807,3.8087071967757518,3.9498405460818247,28.22105855513692,107.48574881957988,31.141868313852797,0.046208906243766286,0.028055102211898896,49.99999344093604,0.013118127915125807
106.0,0.7745569296397811,3.7713913408217508,3.949645543711825,43.87552749429659,165.4717844659768,31.148215950503243,0.04614495407998664,0.028153808483007896,49.99999337999781,0.013240004380387742
107.0,0.7743912027452385,3.805978759685532,3.949512962196191,29.830837068058287,113.53553226466967,31.14908193447775,0.04474813800797682,0.028111738162427517,49.99999333856609,0.013322867816687903
108.0,0.7741726088207126,3.7835732057937976,3.9493380870565704,39.346901172533855,148.87188100741565,31.15343035023085,0.044386885898965,0.02816476258765906,49.99999328391762,0.013432164764389387
109.0,0.7738109998622669,3.7198752362107164,3.949048799889814,65.08960377729201,242.12520522591606,31.17200048227471,0.04651302381138568,0.028473033017963473,49.999993193515394,0.01361296921932631
110.0,0.7737748598201518,3.8625560157283525,3.949019887856122,6.505206695166088,25.126725253970125,31.168366889124,0.0428592905596903,0.02819531487474909,49.99999318448038,0.013631039237923994
111.0,0.7734731277187172,3.7476372828470095,3.948778502174974,54.31177085495749,203.54081735348228,31.18011868857741,0.04409869009592982,0.028396115332525385,49.99999310904737,0.013781905268076653
112.0,0.7732007162625212,3.759158438447721,3.9485605730100173,49.03405535747012,184.3267829683465,31.18897727433591,0.044721350183214964,0.028542062892713736,49.99999304094451,0.01391811097740296
113.0,0.7730371317245466,3.8067810011752594,3.9484297053796373,29.44521273720444,112.09147642355362,31.18969643828524,0.04341956262341651,0.02849156297992375,49.999993000048384,0.013999903235006305
114.0,0.7729849813443834,3.8575897954636003,3.948387985075507,9.387067115186724,36.21145431287624,31.1862940751638,0.04032520524648302,0.028242298362112284,49.999992987010785,0.01402597842143738
115.0,0.7727481054476182,3.7782160157882556,3.9481984843580946,42.63765543739488,161.09427264922655,31.19204557647174,0.04068493127977295,0.028326527682389135,49.99999292779182,0.014144416353207921
116.0,0.7725915803265434,3.8134582160841757,3.948073264261235,28.174517808330386,107.44234642038744,31.192375052555178,0.03963292608227412,0.028265994296963713,49.99999288866055,0.014222678902675506
117.0,0.772345029862335,3.7742055015432237,3.9478760238898682,44.37907724562625,167.49575749385428,31.198923811111683,0.04022240181560659,0.028367258772069637,49.99999282702294,0.01434595411724669
118.0,0.7721301736892466,3.7875129580699687,3.9477041389513974,38.67410560773997,146.47867613108156,31.202961746406743,0.04021399167695381,0.028410611256004612,49.999992773308904,0.014453382188379302
119.0,0.7717232610719289,3.7016748272992483,3.947378608857543,73.24426053092591,271.1264354514763,31.227463760459557,0.043502108773320114,0.028797068904889,49.99999267158077,0.014656838467631874
120.0,0.7715520154921252,3.8030653095563802,3.9472416123937,30.824199846826176,117.22644513229771,31.228597944422177,0.042444691135713086,0.028757278859807,49.99999262876938,0.014742461244984168
121.0,0.7714844011852886,3.8501377489586526,3.947187520948231,12.170573436341737,46.85838421373275,31.225488637031958,0.03970611687045767,0.028532556358881158,49.9999926118658,0.014776268393418451
122.0,0.7712721396115264,3.7883050467703194,3.947017711689221,38.2070776316066,144.74006501416068,31.229319637038657,0.03970118199898355,0.028569326681815475,49.999992558800415,0.014882399164617359
123.0,0.7710605706699356,3.7884182860156748,3.9468484565359487,38.082403818764085,144.272075002439,31.233097707545824,0.039684896472278956,0.028604422584010532,49.99999250590819,0.014988183619669481
124.0,0.7707124664383395,3.727370687150949,3.946569973150672,62.65875229588838,233.55239660114657,31.249969151550374,0.042013137391050864,0.028883386708596127,49.999992418882144,0.015162235709380282
125.0,0.7704358136040735,3.756558485986223,3.946348650883259,49.79750261745956,187.06723103853884,31.25917994813932,0.04290179487242372,0.029031190016419937,49.999992349718944,0.015300562105539891
126.0,0.7702249582934317,3.7847193751795047,3.9461799666347455,37.95395010834723,143.645050339658,31.2628875046002,0.04257995098570165,0.029059511147925567,49.99999229700513,0.015405989744729745
127.0,0.7698818894760359,3.725892905115616,3.945905511580829,61.752377617684616,230.0827456397515,31.279143372182773,0.0445565568584135,0.02932404983239657,49.99999221123794,0.01557752412700109
128.0,0.7698764897744803,3.8740624286358045,3.9459011918195843,0.9719461285872448,3.7653799794178697,31.27522390438503,0.04055754211646188,0.0289812942416066,49.99999220988801,0.015580223977358278
129.0,0.769808692066087,3.850219542788273,3.94584695365287,12.203585609452075,46.98648380560212,31.27208961043692,0.03799644407743305,0.02875429095486928,49.999992192938585,0.015614122826273422
130.0,0.7697830407458205,3.8714996264797126,3.9458264325966566,4.617236927043773,17.875631038418305,31.268282312156828,0.03494723639527383,0.02845460356071886,49.99999218652576,0.0156269484844041
131.0,0.7696966491031384,3.847476726963483,3.945757319282511,15.550493252714025,59.830160882619886,31.265643597401777,0.03322029924879186,0.028267185440261734,49.999992164927846,0.01567014429899497
132.0,0.7697399884285192,3.906992329586303,3.9457919907428156,-7.8088862323365476,-30.509258612350976,31.2620500712394,0.029424960058904416,0.027849827996140657,49.99999215409302,0.015691813958289707
133.0,0.7695383627649923,3.8017076237380723,3.945630690211994,36.29261373987265,137.97390634025496,31.26510230865472,0.030182509106864226,0.027875839870977796,49.999992103686616,0.0157926267742338
134.0,0.7694504338028353,3.851499722762326,3.945560347042268,15.827210688735029,60.958497579763886,31.262511398581296,0.028919478601294315,0.02769812272268316,49.99999208170438,0.015836591248369173
135.0,0.769525078883658,3.925223571437464,3.9456200631069267,-13.449561982241267,-52.7925377182026,31.25955393839257,0.02498132235704472,0.027231532282376514,49.99999206304311,0.015873913782869894
136.0,0.7695494945436434,3.9069184337730083,3.945639595634915,-4.399217317074193,-17.1873832302506,31.25574406283215,0.02226761549212045,0.026860503286085576,49.9999920569392,0.015886121610924776
137.0,0.7694144667244778,3.838716701064974,3.9455315733795824,24.30500358869564,93.30002319537009,31.25495816144786,0.0225395872864757,0.026779241112871627,49.999992023182244,0.015953635509782262
138.0,0.7692205731126445,3.8122191801832837,3.9453764584901156,34.90084456204504,133.04966904402355,31.257490007913987,0.023796715864258272,0.026804274697876808,49.99999197470885,0.01605058230023239
139.0,0.7688886038827109,3.749390455695951,3.9451108831061688,59.75445179711576,224.04277125344962,31.272459905817982,0.0273078167333284,0.027076051070334894,49.999991891716554,0.01621656688855771
140.0,0.7684487793064835,3.6976269782963644,3.944759023445187,79.16841088253233,292.735251908103,31.30168235508029,0.032347504636848906,0.027537556901050333,49.99999178176043,0.016436479141009187
141.0,0.768328205723278,3.8344620306221984,3.9446625645786226,21.703241409736933,83.22025512706367,31.300234746385854,0.031446457974785146,0.027422374723566994,49.99999175161704,0.0164967659227029
142.0,0.7683899133566503,3.916525943482943,3.9447119306853202,-11.118490665329583,-43.54585714313624,31.296950816242372,0.027499051158913216,0.02698233287060197,49.99999173619013,0.01652761973429919
143.0,0.768601161548052,3.987275318925876,3.9448809292384417,-38.06273089863606,-151.76658748304888,31.300676401748547,0.021345316169245114,0.026279753175228963,49.99999168337809,0.016633243812542907
144.0,0.7685195523080461,3.8631742920844183,3.944815641846437,14.689660757699661,56.74871979858665,31.297879652650977,0.02078583179031247,0.026109970325530994,49.99999166297579,0.016674048425758738
145.0,0.7685798862839707,3.9270467129574116,3.944863909027177,-10.870984840426216,-42.69086528420562,31.294568434484518,0.017840858223996402,0.025688155589605806,49.999991647892294,0.01670421540869092
146.0,0.7685975051501953,3.911138555198706,3.9448780041201563,-3.1745699606434368,-12.416182969248183,31.290687623372264,0.015900006121213048,0.02534790524815774,49.999991643487576,0.016713024840331703
147.0,0.7686466400898291,3.927305046236645,3.9449173120718632,-8.853140796735794,-34.76898452606399,31.28717041656398,0.013595971160269754,0.024955293799855612,49.99999163120385,0.016737592306042645
148.0,0.7686438781395064,3.906684042038957,3.9449151025116054,0.4971509748649461,1.9422117799889955,31.283242242048914,0.012394890603184588,0.024660334993156945,49.99999163051336,0.016738973280972826
149.0,0.7684972458899891,3.843975007555322,3.9447977967119914,26.393800495062457,101.45710945742137,31.28299896975261,0.013772929976625565,0.024626322110540434,49.999991593855306,0.01681228939345911
150.0,0.7684712121105943,3.896362866381481,3.944776969688476,4.686079503221427,18.258666165263346,31.279188210775203,0.012954921290822359,0.02437694742263951,49.99999158734686,0.01682530628096806
151.0,0.7684916031567112,3.918019396924591,3.944793282525369,-3.6740617452162856,-14.395045183256022,31.275335093862623,0.011414991937903879,0.0240474658556173,49.999991582249095,0.016835501802311036
152.0,0.768628489522989,3.971700118883005,3.944902791618391,-24.66420598781212,-97.95882985394833,31.274629511889486,0.008015365806900628,0.023513300678840412,49.99999154802751,0.016903944973927214
153.0,0.7688521489184522,4.01411865174189,3.945081719134762,-40.29898336143845,-161.76490075738616,31.279295048697747,0.0034373993984618645,0.022830147839131714,49.99999149211267,0.017015774652755205
154.0,0.7689343778197281,3.956073167371096,3.9451475022557827,-14.81601572683768,-58.61324226429071,31.27653130027403,0.0017092585466943696,0.0224085071906031,49.99999147155545,0.01705688909639718
155.0,0.7689695535294835,3.9371424583369885,3.945175642823587,-6.337964640640513,-24.953469686104295,31.2728208903506,0.0009480654627074201,0.022076200020129194,49.99999146276153,0.017074476948274957
156.0,0.7687840032306762,3.8398417305051558,3.945027202584541,33.39904808260109,128.24705858671987,31.274799158734936,0.004045084754371564,0.022142858939185533,49.99999141637396,0.01716725208183774
157.0,0.7688100711114545,3.931100842336008,3.945048056889164,-4.696914649225577,-18.464045133951,31.270994064655326,0.0032258328077447596,0.021830053686431723,49.99999140985699,0.01718028601998934
158.0,0.7687365256495976,3.88778909763398,3.944989220519678,13.238180859892703,51.467255219597675,31.268001371378034,0.004191643555584234,0.021699273684249436,49.99999139147063,0.017217058744600153
159.0,0.7688550130603397,3.9725757645459145,3.945084010448272,-21.349079340901703,-84.81083518503397,31.26649385792291,0.0017713939255312302,0.021226271477976292,49.99999136184878,0.017276302439771154
160.0,0.7690659863106024,4.016577686961225,3.945252789048482,-38.01319167826851,-152.68293750511341,31.27021801149027,-0.0020152517537226746,0.02059331447295204,49.99999130910548,0.01738178904667835
161.0,0.7692563465027791,4.011628792086539,3.9454050772022233,-34.29912776371645,-137.5953684803797,31.272520175777117,-0.005100070452168447,0.02000488655728707,49.99999126151543,0.017476969126222663
162.0,0.7694235575139123,4.0048475677229565,3.94553884601113,-30.128104848615834,-120.65846742308133,31.273400142623416,-0.00750395837399589,0.019464992606303737,49.99999121971269,0.017560574617177572
163.0,0.7692410041635984,3.8517798850992637,3.9453928033308787,32.859597286166924,126.56793585932012,31.275189696219115,-0.003682183669673857,0.019557672727929337,49.99999117407436,0.017651851276305815
164.0,0.7694337336355961,4.015371429579164,3.945546986908477,-34.726024860786296,-139.43788808885708,31.277645042647464,-0.006654630609240286,0.018977454442163134,49.999991125892,0.017748215995294497
165.0,0.7694258755060807,3.929339569664186,3.9455407004048646,1.4144630617269307,5.557905678271985,31.273732095813443,-0.0059086764411238665,0.01876344103070692,49.99999112392747,0.01775214505935485
166.0,0.769642139406559,4.028829012521409,3.945713711525247,-38.9664616372735,-156.98921115954994,31.2778412307037,-0.00908091235665212,0.018150617299305522,49.99999106986151,0.017860276990398286
167.0,0.769635923147571,3.93325803325643,3.945708738518057,1.11892641799734,4.401026322210879,31.27392420183122,-0.008140324157292947,0.01794360354544159,49.999991068307445,0.017863385119337168
168.0,0.7697045334978928,3.9659785730068484,3.9457636267983145,-12.362223074884952,-49.02831182972456,31.270811278581448,-0.008571315706795542,0.01760507358204456,49.99999105115486,0.017897690288369975
169.0,0.7698472844853708,3.999831845443574,3.945877827588297,-25.720894041228505,-102.87925107938564,31.27039098648379,-0.010236255622145272,0.017137826461014236,49.99999101546712,0.017969065769334384
170.0,0.7699820211533466,3.9983481897145823,3.9459856169226772,-24.276872750432275,-97.06739021362216,31.26958920971998,-0.011610627731971954,0.016690547778405847,49.99999098178296,0.018036434091216833
171.0,0.7701998329178252,4.037210853670554,3.9461598663342605,-39.2453558906614,-158.4417767579418,31.273817205539103,-0.014285791168584926,0.01609986039345402,49.999990927330025,0.018145339953813417
172.0,0.7702865137272933,3.981902235277739,3.946229210981835,-15.618161034148423,-62.18999033280329,31.271186362335015,-0.014462824445360132,0.015751125701265665,49.99999090565982,0.01818868035068318
173.0,0.7704919903110435,4.035482505504437,3.946393592248835,-37.02280114896588,-149.4048663414214,31.2745173928825,-0.016664180998652217,0.015193822110767124,49.99999085429069,0.01829141862387156
174.0,0.7707999095158434,4.083919758647715,3.946639927612675,-55.48092765353792,-226.57965667238793,31.286879363344042,-0.020423105903384524,0.014459749717835214,49.9999907773109,0.018445378198110127
175.0,0.7711205067954012,4.093992090551002,3.946896405436321,-57.76526494098492,-236.49053777697537,31.30060477421256,-0.024054760200196937,0.013711804655237286,49.99999069716159,0.01860567680832136
176.0,0.7712660421042512,4.020165703506199,3.947012833683401,-26.222573292276206,-105.41908980728643,31.300305612444788,-0.024345987468560988,0.013286387369040682,49.999990660777776,0.018678444449207427
177.0,0.7712419152109121,3.945235954913645,3.94699353216873,4.342839989863631,17.133528474446805,31.296467728207688,-0.021696507324712514,0.01316989589596155,49.99999065474605,0.018690507893623715
178.0,0.7713371014986938,3.9961805938835355,3.9470696811989554,-17.150679277648102,-68.53721170125785,31.294088983065535,-0.021339349987688855,0.012841159966032741,49.99999063094948,0.01873810102861919
179.0,0.7715367702589166,4.042903938820986,3.9472294162071333,-35.97634645200833,-145.44891277521288,31.297004342908963,-0.022809708235291153,0.012329249306221379,49.99999058103231,0.018837935390023514
180.0,0.7716916947858309,4.024936014469734,3.947353355828665,-27.91432391525194,-112.35336764607133,31.297192412882737,-0.023376495246176028,0.011903627358870381,49.999990542301184,0.01891539763888834
181.0,0.7717249044326989,3.9716515890544155,3.9473799235461593,-5.983719024552624,-23.765247172319565,31.29344616013168,-0.0218004820830197,0.011701105909459943,49.99999053399877,0.01893200245918147
182.0,0.7718993990572024,4.033532840486539,3.947519519245762,-31.4404669311982,-126.81615588721897,31.294744196873637,-0.02279606120932438,0.011247980612540336,49.999990490375126,0.019019249754915545
183.0,0.7721581083448354,4.072636940055778,3.9477264866758683,-46.6142771943169,-189.84302723557462,31.302310126803945,-0.02514683632636831,0.010649476923226413,49.99999042569782,0.019148604374129775
184.0,0.7722327689047648,3.993387937209939,3.947786215123812,-13.452350564478188,-53.7204544713065,31.299329059194633,-0.02412035841933881,0.010387793149131533,49.999990407032676,0.019185934646946203
185.0,0.7723973565236406,4.032938334782805,3.9479178852189127,-29.65542113479571,-119.5984847286458,31.300046996357082,-0.024732817359960253,0.00996819680554649,49.99999036588578,0.01926822844059526
186.0,0.7724289319622403,3.97463483563662,3.947943145569792,-5.6892671199425635,-22.612759284165737,31.296280801673277,-0.023004229084202014,0.009791861751577903,49.99999035799192,0.0192840161568531
187.0,0.7726345298990878,4.05099255891239,3.9481076239192703,-37.04466616214447,-150.06766697024088,31.299609653336404,-0.02442358876992659,0.009305977170160039,49.999990306592444,0.01938681510545305
188.0,0.7730209408474025,4.133705974638526,3.948416752677922,-69.62358079313915,-287.8034119003275,31.32133316039608,-0.028818584526299446,0.008502105575833403,49.99999020998973,0.019580020542154013
189.0,0.773430218579091,4.149070147540228,3.948744174863273,-73.74372100033997,-305.967871371046,31.34617656465042,-0.03320318592057478,0.007666951493559229,49.999990107670314,0.019784659367929957
190.0,0.7734673065018827,3.987902251358291,3.948773845201506,-6.682507288995737,-26.64918586250429,31.342446711114462,-0.030792326421785653,0.007508419051836998,49.99999009839834,0.01980320332565692
191.0,0.7735000232468584,3.9839449885297724,3.948800018597487,-5.894907837248937,-23.484988536052782,31.33866672222564,-0.02852762992929718,0.007359618054974857,49.99999009021916,0.019819561694905286
192.0,0.7737750033287105,4.09034695179661,3.9490200026629685,-49.54595087427984,-202.6601291324751,31.347705816324435,-0.030632303645613018,0.00677872008670507,49.99999002147415,0.019957051708581412
193.0,0.774079908636617,4.1064517040882125,3.949263926909294,-54.937882352499365,-225.59976060541877,31.359724856982893,-0.03305796829606739,0.006151210090624487,49.99998994524783,0.020109504332109597
194.0,0.7741588448134813,4.008505944831672,3.949327075850785,-14.222731710012212,-57.01190461132988,31.35682163708293,-0.0313795317227646,0.00593594424327161,49.999989925513795,0.020148972412604882
195.0,0.7745627857269385,4.152583657464965,3.949650228581551,-72.78213190401159,-302.233891500058,31.38091073150548,-0.03543797657696323,0.0051411938403878145,49.99998982452858,0.020350942828638516
196.0,0.7749443611554033,4.147432129599612,3.949955488924323,-68.75231546136885,-285.14556212884935,31.401969454492644,-0.03874018075008722,0.004396053703025129,49.99998972913475,0.020541730504043815
197.0,0.7751379013926561,4.067391591302839,3.950110321114125,-34.872107656983886,-141.8385174550236,31.40441333103638,-0.03850969534058307,0.003996632653673334,49.9999896807497,0.020638500602791945
198.0,0.7754649624580328,4.127486131876594,3.9503719699664264,-58.92990952722201,-243.23238432635122,31.418817124790053,-0.04059403533751594,0.0033628789766671297,49.99998959898445,0.020802031101729988
199.0,0.7757471738641453,4.11022723635001,3.9505977390913163,-50.84889142465059,-209.0004984718033,31.42851218702907,-0.04171699057802375,0.0028170635342694367,49.99998952843161,0.020943136775433392
200.0,0.776052819041535,4.1225250258721395,3.950842255233228,-55.07119159964208,-227.03236557412401,31.440574087139396,-0.04313967154144692,0.002235835548986955,49.99998945202033,0.0210959593321224
201.0,0.7762994378276261,4.098235626167735,3.951039550262101,-44.43580793955149,-182.10841117541702,31.447019053262466,-0.04341813069777838,0.001767302849816265,49.99998939036565,0.021219268699154654
202.0,0.7764158632787763,4.040863813309442,3.9511326906230213,-20.977554314525353,-84.76744012129885,31.44532337719886,-0.041434701378886496,0.001537568221891653,49.999989361259296,0.021277481412377463
203.0,0.7767000193365045,4.114497527646879,3.951360015469204,-51.1992787868261,-210.6593059856993,31.45519691263121,-0.04251451853778401,0.001010192882636431,49.99998929022029,0.021419559411010904
204.0,0.7769182286315349,4.086712236636985,3.951534582905228,-39.31698167405263,-160.67719011498298,31.45936143610038,-0.04236264297288553,0.0006072587481977514,49.99998923566798,0.021528664035156398
205.0,0.777473228751019,4.238025096730029,3.951978583000815,-100.0,-423.8025096730029,31.508368299512767,-0.048010283283922664,-0.00039401700399831446,49.999989096917986,0.021806164035156398
